{
  "centralized": {
    "accuracy": 0.79375,
    "precision": 0.8253706754530478,
    "recall": 0.7797665369649806,
    "f1_score": 0.801920768307323,
    "loss": 0.4618130624294281
  },
  "federated": {
    "accuracy": 0.79375,
    "precision": 0.895,
    "recall": 0.6964980544747081,
    "f1_score": 0.7833698030634574,
    "loss": 2.1074931621551514
  },
  "splitfed": {
    "accuracy": 0.86,
    "precision": 0.8977367979882649,
    "recall": 0.8334630350194553,
    "f1_score": 0.864406779661017,
    "loss": 0.3347429931163788
  }
}