{
  "accuracy": 0.8025,
  "precision": 0.8374699759807847,
  "recall": 0.7942293090356871,
  "f1_score": 0.8152766952455183,
  "roc_auc": 0.8773710642349388
}