{
  "accuracy": 0.79375,
  "precision": 0.8253706754530478,
  "recall": 0.7797665369649806,
  "f1_score": 0.801920768307323,
  "roc_auc": 0.8638376576922406,
  "loss": 0.4618130028247833
}