{
  "round_global_accuracy": [
    0.7510416666666667,
    0.7989583333333333,
    0.821875,
    0.8322916666666667,
    0.8375,
    0.8510416666666667,
    0.8510416666666667,
    0.846875,
    0.8510416666666667,
    0.8541666666666666,
    0.859375,
    0.8572916666666667,
    0.859375,
    0.8583333333333333,
    0.8604166666666667,
    0.8614583333333333,
    0.8614583333333333,
    0.8625,
    0.8604166666666667,
    0.8625
  ],
  "round_global_loss": [
    0.5110322833061218,
    0.4542212188243866,
    0.42640575766563416,
    0.4089684784412384,
    0.3984672427177429,
    0.38890135288238525,
    0.38402801752090454,
    0.377441942691803,
    0.37258613109588623,
    0.3673616349697113,
    0.36435261368751526,
    0.359634131193161,
    0.3558129370212555,
    0.35271817445755005,
    0.349000483751297,
    0.3466879427433014,
    0.34391728043556213,
    0.3412914574146271,
    0.33876579999923706,
    0.3366250693798065
  ],
  "client_accuracy_by_round": {
    "1": {
      "hospital_1": 0.8489583333333334,
      "hospital_2": 0.6510416666666666,
      "hospital_3": 0.7447916666666666,
      "hospital_4": 0.6875,
      "hospital_5": 0.8229166666666666
    },
    "2": {
      "hospital_1": 0.8958333333333334,
      "hospital_2": 0.7291666666666666,
      "hospital_3": 0.7916666666666666,
      "hospital_4": 0.7708333333333334,
      "hospital_5": 0.8385416666666666
    },
    "3": {
      "hospital_1": 0.8958333333333334,
      "hospital_2": 0.7395833333333334,
      "hospital_3": 0.8072916666666666,
      "hospital_4": 0.7916666666666666,
      "hospital_5": 0.859375
    },
    "4": {
      "hospital_1": 0.90625,
      "hospital_2": 0.7916666666666666,
      "hospital_3": 0.828125,
      "hospital_4": 0.8020833333333334,
      "hospital_5": 0.8541666666666666
    },
    "5": {
      "hospital_1": 0.9010416666666666,
      "hospital_2": 0.7916666666666666,
      "hospital_3": 0.828125,
      "hospital_4": 0.828125,
      "hospital_5": 0.8541666666666666
    },
    "6": {
      "hospital_1": 0.9010416666666666,
      "hospital_2": 0.796875,
      "hospital_3": 0.8177083333333334,
      "hospital_4": 0.8385416666666666,
      "hospital_5": 0.8541666666666666
    },
    "7": {
      "hospital_1": 0.90625,
      "hospital_2": 0.7864583333333334,
      "hospital_3": 0.828125,
      "hospital_4": 0.828125,
      "hospital_5": 0.8697916666666666
    },
    "8": {
      "hospital_1": 0.90625,
      "hospital_2": 0.796875,
      "hospital_3": 0.8229166666666666,
      "hospital_4": 0.828125,
      "hospital_5": 0.8541666666666666
    },
    "9": {
      "hospital_1": 0.90625,
      "hospital_2": 0.796875,
      "hospital_3": 0.8385416666666666,
      "hospital_4": 0.8385416666666666,
      "hospital_5": 0.8697916666666666
    },
    "10": {
      "hospital_1": 0.90625,
      "hospital_2": 0.7916666666666666,
      "hospital_3": 0.84375,
      "hospital_4": 0.8385416666666666,
      "hospital_5": 0.8697916666666666
    },
    "11": {
      "hospital_1": 0.9166666666666666,
      "hospital_2": 0.8020833333333334,
      "hospital_3": 0.859375,
      "hospital_4": 0.8333333333333334,
      "hospital_5": 0.8645833333333334
    },
    "12": {
      "hospital_1": 0.9166666666666666,
      "hospital_2": 0.8020833333333334,
      "hospital_3": 0.859375,
      "hospital_4": 0.84375,
      "hospital_5": 0.8697916666666666
    },
    "13": {
      "hospital_1": 0.921875,
      "hospital_2": 0.8020833333333334,
      "hospital_3": 0.859375,
      "hospital_4": 0.828125,
      "hospital_5": 0.8697916666666666
    },
    "14": {
      "hospital_1": 0.9166666666666666,
      "hospital_2": 0.8125,
      "hospital_3": 0.8645833333333334,
      "hospital_4": 0.84375,
      "hospital_5": 0.8697916666666666
    },
    "15": {
      "hospital_1": 0.921875,
      "hospital_2": 0.8020833333333334,
      "hospital_3": 0.8802083333333334,
      "hospital_4": 0.8489583333333334,
      "hospital_5": 0.8697916666666666
    },
    "16": {
      "hospital_1": 0.9114583333333334,
      "hospital_2": 0.8020833333333334,
      "hospital_3": 0.875,
      "hospital_4": 0.8489583333333334,
      "hospital_5": 0.859375
    },
    "17": {
      "hospital_1": 0.9270833333333334,
      "hospital_2": 0.7916666666666666,
      "hospital_3": 0.8645833333333334,
      "hospital_4": 0.8489583333333334,
      "hospital_5": 0.875
    },
    "18": {
      "hospital_1": 0.921875,
      "hospital_2": 0.8072916666666666,
      "hospital_3": 0.8697916666666666,
      "hospital_4": 0.859375,
      "hospital_5": 0.875
    },
    "19": {
      "hospital_1": 0.9322916666666666,
      "hospital_2": 0.8020833333333334,
      "hospital_3": 0.875,
      "hospital_4": 0.8645833333333334,
      "hospital_5": 0.8697916666666666
    },
    "20": {
      "hospital_1": 0.921875,
      "hospital_2": 0.8072916666666666,
      "hospital_3": 0.875,
      "hospital_4": 0.8645833333333334,
      "hospital_5": 0.8697916666666666
    }
  },
  "final_splitfed_test_accuracy": 0.86,
  "precision": 0.8977367979882649,
  "recall": 0.8334630350194553,
  "f1_score": 0.864406779661017,
  "roc_auc": 0.9334996771998395,
  "loss": 0.3347429931163788
}