{
  "round_global_accuracy": [
    0.696875,
    0.740625011920929,
    0.7572916626930237,
    0.775,
    0.7864583253860473,
    0.7927083373069763,
    0.7916666746139527,
    0.793750011920929,
    0.7927083373069763,
    0.7927083373069763,
    0.790625,
    0.7875,
    0.7885416746139526,
    0.7885416626930237,
    0.7885416626930237,
    0.7885416626930237,
    0.7916666626930237,
    0.7916666626930237,
    0.790625,
    0.79375,
    0.7947916746139526,
    0.7947916746139526,
    0.796875,
    0.7979166626930236,
    0.7989583373069763,
    0.8010416626930237,
    0.8010416626930237,
    0.8,
    0.8,
    0.8010416746139526,
    0.7989583373069763,
    0.8020833253860473,
    0.8010416746139526,
    0.8020833373069763,
    0.8010416746139526,
    0.8010416746139526,
    0.8020833253860473,
    0.8010416626930237,
    0.8020833373069763,
    0.8
  ],
  "round_global_loss": [
    1.8362205862998962,
    1.8756997466087342,
    1.8938668608665465,
    1.920241391658783,
    1.9687602400779725,
    1.9966487526893615,
    2.028077554702759,
    2.0419891715049743,
    2.066704201698303,
    2.0914873003959658,
    2.107115161418915,
    2.1427468419075013,
    2.179197037220001,
    2.194350337982178,
    2.2354255318641663,
    2.256608211994171,
    2.259931242465973,
    2.291063928604126,
    2.332161617279053,
    2.3381944060325623,
    2.3623857617378237,
    2.389516603946686,
    2.3892295002937316,
    2.422457420825958,
    2.4237382769584657,
    2.455441343784332,
    2.472999060153961,
    2.4775599002838136,
    2.4979421496391296,
    2.523531186580658,
    2.549240458011627,
    2.546871852874756,
    2.5763761043548583,
    2.629172420501709,
    2.627419090270996,
    2.646872615814209,
    2.6913803935050966,
    2.7123404026031492,
    2.7285509586334227,
    2.738877010345459
  ],
  "final_federated_accuracy": 0.79375,
  "precision": 0.895,
  "recall": 0.6964980544747081,
  "f1_score": 0.7833698030634574,
  "roc_auc": 0.8543930484549214,
  "loss": 2.8583548069000244
}