{
  "round_global_accuracy": [
    0.8097826086956522,
    0.8152173913043478,
    0.8097826086956522,
    0.8152173913043478,
    0.8097826086956522,
    0.8097826086956522,
    0.8206521739130435
  ],
  "round_global_loss": [
    0.42447957396507263,
    0.41358670592308044,
    0.42428621649742126,
    0.434075266122818,
    0.45262908935546875,
    0.46283841133117676,
    0.4935338795185089
  ],
  "client_accuracy_by_round": {
    "1": {
      "hospital_1": 0.8385416666666666,
      "hospital_2": 0.796875,
      "hospital_3": 0.8177083333333334,
      "hospital_4": 0.890625,
      "hospital_5": 0.8385416666666666
    },
    "2": {
      "hospital_1": 0.875,
      "hospital_2": 0.8229166666666666,
      "hospital_3": 0.8125,
      "hospital_4": 0.9010416666666666,
      "hospital_5": 0.8333333333333334
    },
    "3": {
      "hospital_1": 0.8854166666666666,
      "hospital_2": 0.859375,
      "hospital_3": 0.9166666666666666,
      "hospital_4": 0.921875,
      "hospital_5": 0.8385416666666666
    },
    "4": {
      "hospital_1": 0.8958333333333334,
      "hospital_2": 0.875,
      "hospital_3": 0.875,
      "hospital_4": 0.921875,
      "hospital_5": 0.8489583333333334
    },
    "5": {
      "hospital_1": 0.9166666666666666,
      "hospital_2": 0.875,
      "hospital_3": 0.9114583333333334,
      "hospital_4": 0.921875,
      "hospital_5": 0.875
    },
    "6": {
      "hospital_1": 0.9270833333333334,
      "hospital_2": 0.8802083333333334,
      "hospital_3": 0.9114583333333334,
      "hospital_4": 0.9479166666666666,
      "hospital_5": 0.8802083333333334
    },
    "7": {
      "hospital_1": 0.9739583333333334,
      "hospital_2": 0.8802083333333334,
      "hospital_3": 0.921875,
      "hospital_4": 0.9583333333333334,
      "hospital_5": 0.9114583333333334
    }
  },
  "final_splitfed_accuracy": 0.8206521739130435,
  "final_splitfed_train_accuracy": 0.9205208333333333,
  "final_splitfed_test_accuracy": 0.8206521739130435,
  "final_splitfed_test_loss": 0.4935338795185089,
  "centralized_accuracy": 0.8025,
  "federated_accuracy": 0.66425
}